Label Number,Response 1,Response 2,Response 3,Response 4
0,"It seems like there might have been an issue with the ATM transaction. In such cases, it's advisable to contact your bank's customer service immediately. They will be able to assist you in resolving the discrepancy and ensuring that the correct amount is credited back to your account.","If you received the wrong amount of cash from the ATM or the amount doesn't match your transaction history, it's important to keep your transaction receipt and contact your bank's customer support as soon as possible. They will guide you through the process of resolving the issue and getting the correct amount credited to your account.","In the event that you requested a certain amount from the ATM but received a different amount, and your app also reflects the incorrect transaction, reach out to your bank's customer service without delay. Provide them with the relevant details such as the transaction time, location, and the discrepancy amount. They will investigate and work towards rectifying the situation.","If the ATM didn't dispense the full amount you requested, and your app indicates the wrong transaction, it's recommended to act promptly. Contact your bank's customer support, and explain the situation with all the necessary details. They are equipped to investigate the issue and help you recover the missing funds or correct any discrepancies in your account."
1,"If your passcode is not working, you might want to consider resetting it. Most applications and services have a ""Forgot Password"" or ""Reset Password"" option on their login page. This will usually involve verifying your identity through an email or mobile number linked to your account.","Certainly, you can reset your passcode. Look for the ""Forgot Password"" link on the login screen of the app or website. This will typically guide you through the steps to reset your passcode by providing your email address or other account details.","It's frustrating when your passcode isn't working. To get assistance, try reaching out to the app's customer support. They can help explain why your passcode isn't functioning and guide you through the process of resetting it, ensuring you regain access to your account.","If you're unable to recall your password, don't worry. Most apps and platforms offer a way to reset it. On the login page, you'll usually find an option like ""Forgot Password"" or ""Reset Password."" This will initiate a process to verify your identity and allow you to set a new passcode. If you're having trouble, don't hesitate to seek help from the app's support team."
2,One possible reason your ATM withdrawal or transaction was declined could be due to insufficient funds in your account. It's important to check your bank balance to ensure you have enough funds available for the transaction you're attempting.,"If your card was declined at the ATM, it's a good idea to verify your bank balance. Insufficient funds in your account could be the reason for the decline. Make sure you have enough funds to cover the withdrawal or transaction you're trying to make.","When your card is declined during an ATM transaction, it might be because your bank balance is too low to complete the transaction. To avoid such issues, regularly monitor your account balance and ensure you have sufficient funds before attempting transactions.","A possible explanation for your ATM withdrawal being declined is that your bank balance might be below the required amount for the transaction. To resolve this, consider checking your account balance through online banking or contacting your bank's customer service to get a clear understanding of your available funds."
3,"The requirements for identity verification vary depending on the situation and the organization requesting it. Generally, you'll need government-issued identification such as a driver's license, passport, or national ID card. These documents contain your personal information and photo, making it possible to confirm your identity.","Using your social security card as a form of identity can vary depending on the situation and the organization you're dealing with. While some places might accept it, others might require a more comprehensive form of identification like a driver's license or passport. It's best to check the specific requirements of the entity requesting your identification.","To complete the identity verification process, follow the instructions provided by the organization. This typically involves providing official documents such as a driver's license, passport, or government-issued ID. Make sure to submit the required documents accurately to ensure your identity is successfully verified.","The process of completing an ID check usually involves submitting specific documents that prove your identity. These documents could include a driver's license, passport, national ID card, or other government-issued identification. Follow the instructions provided by the organization to ensure a successful verification."
4,"Our exchange rates are typically based on a variety of factors, including the current market rates, global economic conditions, supply and demand for currencies, and any applicable fees or margins. These factors collectively determine the exchange rate you'll receive.","Unfortunately, I don't have access to real-time data to provide you with the current exchange rate. I recommend checking a reliable financial news source or contacting your bank or financial institution for the most up-to-date information on exchange rates.","Our exchange rates are sourced from various financial markets and data providers. These rates are subject to fluctuations due to market conditions, geopolitical events, and other economic factors that influence currency values.","To determine the exchange rate you'll receive, it's best to check with the specific entity providing the exchange service. Exchange rates can vary based on the institution and the current market conditions. You can inquire with the service provider for the most accurate and current exchange rate information."
5,"The number of times you can set up auto top-up depends on the specific policies and features of the service you are using. Some services might have limits on the frequency of auto top-ups, while others may allow you to customize it to your needs.","Yes, there is often a function within the app or service that allows you to set up automatic top-ups. This feature can be particularly useful when you want to maintain a certain balance while traveling.","To top-up automatically while traveling, you'll typically need to access the auto top-up feature within the app or service you're using. This will allow you to specify the amount, frequency, and other parameters for the automatic top-up.","Yes, you can often set your account to auto top-up. This way, the system will automatically add money to your account when your balance reaches a predetermined level."
6,"The fiat currencies that are compatible for exchange and holding will depend on the specific platform or service you are using. Different platforms support different currencies, so it's best to refer to their official documentation or customer support for a list of supported fiat currencies.","Yes, many platforms support fiat currencies for exchange and holding. You can typically hold, convert, and transact in various fiat currencies depending on the services offered.",The fiat currencies supported for holding and exchange will depend on the service you're using. You should refer to the service's documentation or customer support to find out which specific fiat currencies are available.,Many platforms support exchanging to EUR (Euros) along with various other fiat currencies. Check with the specific platform to see if EUR is supported for exchanges.
7,"Yes, many banks and financial institutions offer the option of obtaining a disposable virtual card. This type of card is designed to provide an added layer of security for online transactions.","Yes, you can get a virtual card that is designed for temporary and one-time use. Check with your bank or financial institution to see if they offer this option.","To obtain a disposable virtual card, log in to your bank's online banking platform or mobile app. Look for the section related to cards or payments, where you might find an option to generate a temporary virtual card for your online purchase.",The availability of disposable virtual cards and the process to order them can vary by bank or financial institution. I recommend checking with your bank's website or contacting their customer support to find out if they offer disposable virtual cards and how to apply for one.
8,"There could be various reasons why your top-up did not go through. It's possible that there might be an issue with your payment method, insufficient funds, a technical glitch, or even security measures in place. I recommend checking your account balance, ensuring your payment details are correct, and reaching out to customer support for assistance.","If your top-up has been denied, it could be due to factors such as insufficient funds, a temporary hold on your account, or a declined payment method. To resolve this, make sure you have enough funds, double-check your payment details, and if the issue persists, contact customer support for guidance.","If your top-up didn't go through, there might be a way to fix it. Ensure you've entered the correct payment details, have sufficient funds, and are following any requirements set by the service. If the issue persists, reach out to customer support for assistance.","If you're unable to top-up your account, there could be various reasons, including technical issues, insufficient funds, or declined payment methods. Ensure you meet all the requirements for top-up and consider contacting customer support for assistance."
9,The top-up amount is not always unlimited. It depends on the service or platform you're using. Many services have set limits to ensure security and compliance. You should check the service's terms and conditions or contact customer support to learn about the top-up limit.,"The maximum amount you can top up may be subject to limits set by the service. While some services may have restrictions on how much you can top up, others might allow you to top up as much as you want within their defined limits.",The top-up limit varies depending on the service or platform you're using. Each service may have its own predefined limits for top-ups. It's important to refer to the terms and conditions or the customer support of the specific service to find out what the top-up limits are.,"Whether you need to use a limit on top-ups depends on your preferences and the options provided by the service. Some services might have default top-up limits, while others may allow you to customize the limit based on your needs."
10,"Ensure that you've entered the correct card details, including the card number, expiration date, and CVV. If the issue continues, reach out to customer support for troubleshooting.","If your virtual card is not working, there could be a few reasons for this. It's possible that there are insufficient funds on the card, the card details were entered incorrectly, or there might be technical issues. Double-check your card details and if the problem persists, contact customer support for assistance.","If your disposable virtual card isn't working, make sure you've accurately inputted the card information during your transaction. Also, verify that there are sufficient funds on the card for the transaction amount. If you're still encountering issues, contact customer support for guidance.","If your disposable virtual card isn't functioning as expected, there might be an issue with the card details, insufficient funds, or even a technical glitch. Verify your card information and balance, and if the problem persists, reach out to customer support for resolution."
11,"The presence of fees for physical cards can vary depending on the bank, financial institution, or service you're using. Some providers may charge a fee for issuing a physical card, while others might offer it for free as part of their service package.",Physical cards are typically delivered to the mailing address you provide during the card application process. The delivery location can vary based on the shipping options offered by the provider and the region they serve.,Physical cards can usually be delivered to the mailing address you provide during the card application process. This address is often your primary residence or the address associated with your account. The exact delivery options and locations may vary depending on the provider's policies.,"Whether physical cards cost money or not depends on the provider. Some providers offer physical cards as part of their service without any additional fees, while others may charge a fee for issuing and delivering a physical card. It's recommended to review the terms and conditions of the service or contact customer support for accurate information."
12,"If you've done a cash deposit but your balance hasn't updated, there might be a delay in processing the deposit. Deposits can take some time to be verified and reflected in your account. If the delay continues, consider contacting your bank's customer support to inquire about the status of your deposit.","The time it takes for deposits to appear in your account can vary depending on the bank and the type of deposit. While some deposits are processed quickly, others might take longer, especially if there are verification processes involved. If it's been more than a week, consider contacting your bank for clarification.","If you deposited a cheque and it hasn't been reflected in your account, there might be processing or verification delays. Cheque deposits can take time to clear, and the funds may not be available immediately. If the delay is concerning, you can reach out to your bank for updates.","The processing time for cheques can vary, and it's not uncommon for there to be a delay before the cheque is processed and the funds are made available in your account. If your cheque hasn't processed, it's recommended to reach out to your bank for more information."
13,"If the seller has not received the money you sent, it could be due to various reasons. Sometimes, international transfers can experience delays due to processing times, verification procedures, or even issues on the recipient's end. You might want to reach out to your bank or the transfer service you used for assistance and inquire about the status of the transfer.","The timing for a transfer to move from pending to confirmed can vary depending on the service you're using and the specifics of the transaction. In some cases, transfers may take a few hours to a few business days to be confirmed. If you're concerned about the delay, consider contacting the service provider for more information.","A transfer might still be pending due to various factors, such as processing times, intermediary banks, or verification processes. If the transfer has been pending for a while, consider reaching out to the transfer service or your bank for clarification.","The duration for a transfer to finish pending can vary depending on the banks involved and the international transfer process. Some transfers can be completed within a day, while others might take a few business days. If the transfer has been pending for an extended period, you may want to inquire with the transfer service for updates."
14,"The acceptance of American Express cards for adding money into your account depends on the specific platform or service you're using. Some platforms accept American Express cards for top-ups, while others might have limitations or preferences for certain types of cards.","The types of cards and currencies accepted for adding money can vary based on the service or platform. Generally, credit and debit cards from major providers like Visa, MasterCard, and American Express are commonly accepted. It's recommended to review the service's terms and conditions for specific information on accepted cards and currencies.","The currencies accepted for adding money can vary based on the service you're using. Major international currencies like USD, EUR, GBP, and others are often accepted. To get accurate information about supported currencies, refer to the platform's official documentation.",The foreign currencies accepted for adding money depend on the service's capabilities and supported currencies. Commonly traded and major international currencies are usually accepted. Check the platform's terms or customer support for a list of supported currencies.
15,"I'm sorry to hear that you're not satisfied with the service. To close your account, please follow the procedures set by the specific platform, service, or company you're using. You can usually find account closure options within your account settings or by reaching out to their customer support.","I apologize for any inconvenience you've experienced. To delete your account, you should refer to the instructions provided by the company or service you're using. Usually, you can find the account deletion option in your account settings or by reaching out to customer support.","I'm sorry to hear that you're not satisfied with the service. To delete your account and your information, please follow the instructions provided by the company or platform you're using. Look for account closure options in your settings or reach out to their customer support for assistance.","I'm sorry to hear that you're dissatisfied with the service. If you would like to terminate your account, you should follow the steps outlined by the specific platform or company you're dealing with. Check your account settings or contact their customer support for guidance on account termination."
16,"If the person you sent money to hasn't seen the transfer yet, there might be various reasons for the delay. Sometimes, transfers can take time to process, especially if they involve different banks or payment systems. It's best to allow some time for the transfer to reach the recipient, but if the delay persists, you can inquire with the service provider for more information.","Transfers can experience delays due to various factors, such as processing times, verification procedures, or intermediary banks. If your transfer hasn't arrived yet, it's advisable to check with the service provider or your bank for updates on the status of the transfer.","There might be instances where a payment shows as complete on your end, but the recipient has not received it yet. This could be due to processing delays, verification procedures, or technical issues. It's a good idea to contact the service provider or your bank to investigate the issue further.","If you've transferred cash and it hasn't arrived yet, there could be various reasons for the delay. Processing times, verification processes, and other factors can affect the speed of transfers. To get more information, you should reach out to the service provider or your bank for updates."
17,"If you've discovered a payment in your account that you didn't make, you may still be able to dispute it even if it's been a couple of months. Contact your bank or financial institution as soon as possible to report the unauthorized transaction and initiate the dispute process. The timeframe for disputing transactions can vary, so it's best to act promptly.","If you didn't make a payment and want to get your money back, you should immediately contact your bank or financial institution. They will assist you in disputing the unauthorized transaction and taking steps to recover your funds.","If there's a direct debit transaction on your account that you didn't authorize, you should contact your bank or financial institution right away. They will guide you through the process of disputing the unauthorized transaction and help you take appropriate actions to resolve the issue.","To dispute a direct debit on your account, you should reach out to your bank or financial institution. They will guide you through the process of filing a dispute for the unauthorized transaction. Be prepared to provide details about the transaction and any supporting documentation."
18,"If you believe that the exchange rate on your payment was incorrect, you should reach out to your bank or payment provider for clarification. They can review the transaction and the applied exchange rate to ensure accuracy.","If you've noticed that the exchange rate on your purchase abroad is incorrect, you should definitely get in touch with your bank or payment provider. They can review the transaction details and the exchange rate applied to ensure accuracy.","If you're being charged more due to an incorrect exchange rate on purchases made abroad, I recommend contacting your bank or payment provider to discuss the situation. They can investigate the issue and provide you with the necessary information and solutions.","To get a clear understanding of the situation, it's recommended to contact your bank or payment provider and inquire about the exchange rate applied to your transaction. They can provide insights and address any concerns you have."
19,"If your card failed to work while you were shopping in a store, there could be several reasons for the issue. It's possible that there was a technical glitch, insufficient funds, a security block, or other issues.","If your card payment didn't work, it could be due to various factors. Some common reasons include insufficient funds, incorrect card details, a temporary hold on the card, or even technical issues.","If your card payment has been declined, it could be due to reasons like insufficient funds, reaching your credit limit, or potential fraud prevention measures. I suggest reaching out to your card issuer to understand the specific reason for the decline.","If your card was not accepted in a shop, it could be due to various reasons. It's possible that the shop doesn't accept your card type, there might be technical issues with their payment system, or there could be a problem with your card."
20,"A pending transaction on your card typically means that the payment has been authorized by the merchant, but the funds have not yet been fully processed and deducted from your account. Pending transactions can take a short time to clear and appear as finalized on your account statement.","If your card payment is still showing as a pending transaction, it means that the payment has been initiated but hasn't completed the full processing yet. Pending transactions are often temporary and will typically clear within a short period of time.","When you see a payment listed as pending, it means that the transaction is in progress but has not been fully completed or processed yet. This could be due to the time it takes for the payment to be authorized and processed by the bank or payment provider.","If you received items but the payment is still listed as pending, it means that the transaction is in progress and hasn't been fully completed yet. Pending payments are often temporary and should clear once the payment processing is finalized."
21,"If the app has reverted your recent payment, it might be due to various reasons such as technical issues, authorization problems, or the need for additional verification. I recommend reaching out to the app's customer support to understand the specific cause and resolve the issue.","If you suspect that your card payment has been reverted, it could be due to authorization problems, security checks, or other issues. Contact your card issuer or the relevant service to inquire about the transaction status and the reason for the reversal.","If your card payment was cancelled, there could be different factors at play. It might have been due to the merchant's decision, issues with the payment authorization, or security concerns.","If you received a refund for something you bought, the payment might have been reversed due to a canceled order, returned item, or other reasons. If you have questions about the refund, you can contact the merchant or service provider for clarification."
22,"You can usually change your PIN at most ATMs, but it's recommended to confirm with your bank or card issuer whether this service is available for your specific card. Keep in mind that changing your PIN at an ATM might require your current PIN for verification.","In many cases, you can change your PIN at ATMs using your card. However, this might vary depending on your card issuer and the ATM network. It's a good idea to check with your bank for specific instructions on changing your PIN.","You can change your PIN at various cash machines, including those operated by your own bank or those within a network that supports PIN changes. Check with your bank or card issuer for information on which ATMs allow PIN changes.","Certain cash machines within your bank's network or specific ATM networks allow you to change your PIN. To find out where you can change your PIN, contact your bank or card issuer for a list of compatible ATMs."
23,"To check on the status of the card that's on its way to you, you can usually contact the customer support of your bank or the card issuer. They can provide you with information about the shipment and any tracking details if available.","If it's been two weeks and you still haven't received your card, it's recommended to contact your bank or card issuer to inquire about the delay. While it might not necessarily be lost, they can provide information on the status of the card's delivery.",You can inquire about tracking the card you're expecting by reaching out to your bank or card issuer's customer support. They will be able to provide you with any available tracking information or assist you in locating the card.,"If you haven't received your card yet, it's best to reach out to your bank or card issuer's customer support. They can assist you in tracking the card's delivery status and provide information on its estimated arrival time."
24,"If your old card is expiring, you'll automatically receive a new card from your bank before the old one expires. The new card will typically be sent to your registered address. If you have any concerns, you can contact your bank to confirm the replacement process.","If your bank card has expired, you can request a new physical card by contacting your bank or card issuer. They will provide you with information on how to request a replacement card and any associated steps you need to take.","When your card is about to expire, your bank will typically send you a replacement card automatically. The new card will have an updated expiration date, and you'll need to activate it before your old card expires. This ensures that you have a seamless transition to the new card.","To replace your card, you should contact your bank or card issuer's customer support. They will guide you through the process of requesting a replacement card and provide you with information on any necessary steps or documentation."
25,"If your account is locked due to entering the wrong PIN multiple times, you should contact your bank's customer support as soon as possible. They will guide you through the process of unlocking your account and resetting your PIN if needed.","If you've locked yourself out of your account by entering the wrong PIN, it's important to reach out to your bank's customer support for assistance. They can help you unblock your PIN and provide guidance on how to regain access to your account.","If your PIN is blocked, you may need to contact your bank to reset it. Reach out to their customer support for guidance on the steps to take to unblock your PIN and set a new one.","Being locked out due to entering the wrong PIN can happen, but you can rectify it by getting in touch with your bank's customer support."
26,"If you're required to verify your source of funds, you should reach out to your bank or financial institution for specific instructions on the verification process. ","To see where your money is being transferred from, you can review your account statements or transaction history. This information will typically provide details about the origin of the funds that have been deposited into your account.","If you want to know where the money came from, you can review your transaction history or account statements. These documents will show you the sources of funds that have been deposited into your account.","To understand where your money comes from, you can review your account's transaction history. This will show you the details of deposits and transfers, allowing you to identify the sources of the funds in your account."
27,"If you're facing difficulties proving your identity, I recommend contacting the customer support of the platform or institution that requires identity verification.","If you're unable to verify your identity, it's advisable to communicate with the platform or organization that requires the verification.","If the app is not accepting your identity, it's recommended to check the accuracy of the information you've provided. If you're sure the information is correct.","If your ID is not being accepted for verification, ensure that the information matches the details you've provided."
28,Your virtual card is typically located within your banking app or online account portal.,Generlly virtual cards are not physical which you receive by courier. They are just details you need to fill to use it as a normal card.,"If you need to make an online purchase using your virtual card but haven't received it, I recommend checking your banking app or online account.",Many banks and financial institutions offer the option to generate virtual cards through their mobile apps. Check your app's features.
29,"Requiring your identification serves as a security measure for both you and the institution you're interacting with. It helps prevent fraud, unauthorized access, and ensures compliance with legal regulations.",The reason for the identity check is to ensure the security and legitimacy of transactions and interactions. Verifying your identity helps prevent fraudulent activities and maintains the integrity of the platform or service.,"Identity details are needed to verify that you are who you claim to be. This is essential for security, compliance with regulations, and preventing identity theft or unauthorized use of accounts.",Identity verification is often a mandatory step to ensure the security and authenticity of transactions and interactions. It's designed to protect you and the institution from potential risks.
30,Transfer fees are typically applied to cover processing and administrative costs associated with moving money between accounts or regions. These fees can vary based on factors such as the type of transfer and the service provider you're using.,"While some transfers may be free, it's important to check the terms and conditions of the specific service you're using. International transfers or certain types of transfers might incur fees due to currency conversion, processing, or other factors.","The reason for the transfer fee could be related to the specific terms of the transfer service you used. Some services apply fees for various reasons, such as currency conversion, international transfers, or expedited processing. ","If you're unsure about a transfer fee that has been charged, you can reach out to the service provider for an explanation. "
31,"To change your personal details, log in to your account and navigate to the ""Settings"" or ""Profile"" section. Look for an option to ""Edit"" or ""Update"" your personal information, such as email, address, or contact details. Make the necessary changes and save the updated information.","To update your personal details, log in to your account and locate the section where you can manage your profile or account settings. From there, you should find options to edit various details such as your email, contact information, and address.","If you need to modify your personal details, log in to your account and look for a section labeled ""Profile,"" ""Account Settings,"" or something similar. Within that section, you should find options to edit your information. Make the necessary changes and save them.","If you need to edit your personal details, log in to your account and locate the ""Profile"" or ""Account Settings"" section. From there, you can usually find options to modify information like your email address, contact details, and more. After making changes, be sure to save your updated details."
32,"To top up using Google Pay, you typically need to link a valid payment method to your Google Pay account. The specific process may vary depending on your country and the available options. Consult the Google Pay app or website for instructions on how to add funds using Google Pay.","If your Google Pay top-up is not working, check that your linked payment method is valid and has sufficient funds. Ensure that your Google Pay app and device are updated. ","Google Pay can be used for top-ups if your linked payment method is supported. Ensure that your payment information is accurate and that your payment method is valid. If you encounter issues, contact Google Pay customer support for further assistance.","Ensure that your linked bank account or card has sufficient funds.Verify that your payment information is accurate and up to date.Check if there are any restrictions or issues with the top-up service from your bank or card issuer.Contact the customer support of Apple Pay, Google Pay, or your bank for assistance in troubleshooting the issue."
33,Your PIN is typically provided to you when you receive your physical card. It is a confidential code used to verify your identity and authorize transactions. Keep your PIN secure and do not share it with anyone.,Your PIN is usually delivered with your physical card. It might be in a separate letter or packaging. Make sure to check the envelope or package containing your card.,"In the app, you might find your card PIN within the ""Card Settings"" or ""Manage Card"" section. Look for an option related to viewing or managing your PIN. If you're unable to find it, you can contact customer support for guidance.","To find your PIN, check the envelope or packaging that came with your physical card. The PIN is typically provided when you receive your card for the first time."
34,"If you notice a payment in your app that you didn't make, it's important to take immediate action to protect your account","If you suspect unauthorized payments on your account, it's possible that your card information may have been compromised.","If you see a transaction on your account that you don't recognize, it's advisable to review your recent transactions for any discrepancies. If you can't identify the source of the transaction, contact your bank or card issuer's customer support for assistance","If there are unauthorized payments appearing on your card, it's crucial to act quickly. Contact your bank or card issuer's customer support to report the issue."
35,"The minimum age requirement to open an account varies depending on the bank or financial institution. Generally, individuals need to be at least 18 years old to open their own account. Some institutions may offer special accounts for minors with parental consent.","The age limit for opening a new account can differ between banks and financial institutions. In many cases, individuals must be at least 18 years old to open an account independently. Some institutions may offer accounts for minors with parental involvement.","Some banks and financial institutions offer special accounts designed for children or minors. These accounts usually require parental or guardian consent and supervision. The account features and age requirements can vary, so it's best to check with the specific institution for details.","Many banks offer accounts specifically designed for minors, including teenagers. These accounts often require parental or guardian involvement and have specific features tailored to younger customers. Check with your bank to see if they offer such an account and what the requirements are."
36,"To determine when the extra fee was charged to your statement, review your transaction history in your account or app. The date of the charge should be listed there along with details about the transaction","There can be various reasons for an extra fee to be charged to your account. It might be related to a specific transaction, service, or usage.","To understand the nature of the charge, review the transaction details on your app, it could be due to a specific transaction or fee associated with a service.","A charge on your account could be related to an authorization hold, a verification process, or a test transaction. Such charges are often temporary and will be reversed or adjusted."
37,"Open the app and log in to your account.Navigate to the ""Cards"" or ""Account"" section.Look for an option to ""Add Card"" or ""Link New Card.""Enter the card details as prompted, which may include the card number, expiration date, and CVV.","Open the app and log in to your account.Navigate to the ""Cards"" or ""Account"" section.Look for an option to ""Add Card"" or ""Link New Card.""Enter the card details as prompted, which may include the card number, expiration date, and CVV.","Open the app and log in to your account.Navigate to the ""Cards"" or ""Account"" section.Look for an option to ""Add Card"" or ""Link New Card.""Enter the card details as prompted, which may include the card number, expiration date, and CVV.","Open the app and log in to your account.Navigate to the ""Cards"" or ""Account"" section.Look for an option to ""Add Card"" or ""Link New Card.""Enter the card details as prompted, which may include the card number, expiration date, and CVV."
38,"Contact your bank or card issuer's customer support to report the loss and request a card replacement. If you had the app installed on the stolen phone, log in to your account using a different device or computer and disable any mobile features associated with the app.",Monitor your account for any suspicious transactions and report any unauthorized activity to your bank. Consider changing your account passwords and enabling two-factor authentication for added security.,Contact your bank or card issuer immediately to report the loss and request a card replacement. Your bank can also block or suspend the card to prevent unauthorized transactions.,"If you had the app installed on the missing phone, log in to your account from a different device and disable any mobile features."
39,"Withdrawal fees can vary depending on the type of account you have and the ATM you used. Some ATMs, especially those not affiliated with your bank, may charge a fee for using their services.",Being charged when taking out money from an ATM could be due to the ATM itself imposing a fee or if you used an ATM that is not part of your bank's network. Some banks also charge their own customers for using ATMs that belong to other networks.,Using an ATM that is not part of your bank's network or using ATMs abroad can often result in additional fees. These fees might be charged by the ATM owner or by your bank for using an out-of-network ATM.,"If you noticed a charge for an ATM withdrawal when you expected it to be free, it's important to review your account terms and the specific circumstances of the withdrawal. Some ATMs, especially those not affiliated with your bank, might charge fees. "
40,"Paying a fee when using your card for purchases could be due to several reasons. Some merchants or service providers may impose surcharges for using certain types of cards, such as credit cards, or for specific payment methods. ","Fees associated with card payments can vary based on the merchant, type of card, and payment method used. Some merchants apply fees to cover the costs of processing certain types of card payments",An additional fee charged for a card payment could be due to various factors. Merchants sometimes impose convenience fees or processing fees for specific payment methods.,"An extra fee on a card payment might arise for different reasons. Some merchants or service providers apply fees for specific payment methods, especially for online or non-standard transactions."
41,"If you're experiencing difficulties transferring money from your account, there could be several reasons for the issue. It's possible that there might be a technical glitch, insufficient funds, or an issue with the recipient's account details.","Before attempting another transfer, ensure that you have provided the correct recipient's account details, including the account number and bank's routing information.","Transfers can fail for various reasons, such as technical issues, incorrect account details, or insufficient funds.",Failed transfers can be caused by multiple factors. Make sure the recipient's account information is accurate and that you have enough funds available for the transfer.
42,"Log in to your account on the app or website.Navigate to the ""Cards"" or ""Account"" section. Locate the card you want to enable for contactless payments.
Look for an option to enable or activate contactless payments for that card.",Verify if contactless payments are enabled for your card. You might need to activate it through your bank's app or website. Ensure that your card hasn't expired or been reported as lost or stolen.,"Check if your card has the contactless feature enabled. If not, you might need to activate it through your bank's app or website.",Check if your card's contactless feature is enabled in your account settings or app. Ensure your card is in good condition without any visible damage.
43,"If you're experiencing difficulties transferring money from your account, there could be several reasons for the issue. It's possible that there might be a technical glitch, insufficient funds, or an issue with the recipient's account details.","Before attempting another transfer, ensure that you have provided the correct recipient's account details, including the account number and bank's routing information.","Transfers can fail for various reasons, such as technical issues, incorrect account details, or insufficient funds.",Failed transfers can be caused by multiple factors. Make sure the recipient's account information is accurate and that you have enough funds available for the transfer.
44,"Contact your bank's customer support as soon as possible. Provide them with the details of the transaction, including the date, amount, and recipient's account information. Explain that you wish to cancel the transaction and provide any relevant reasons.","Contact your bank's customer support immediately. Provide them with the transaction details, such as the date, amount, and recipient's information.","Reach out to your bank's customer support without delay. Share the transaction details, including the amount, date, and recipient's details.","Contact your bank's customer support immediately. Provide them with the transaction details, such as the date, amount, and recipient's information."
45,"If the ATM kept your card, it might be due to a security measure or a technical problem. I suggest contacting your bank's customer support right away to report the issue.","If the ATM retained your card, don't worry. This can happen for security reasons or due to a technical issue. Contact your bank's customer support as soon as possible","This can happen for various reasons, such as a technical issue or a security precaution. It's recommended that you contact your bank's customer support immediately to report the situation. ",Contact your bank's customer support immediately to report the situation. Provide them with the location and details of the ATM where your card got trapped.
46,Your card should be accepted at ATMs that display the Mastercard logo. These ATMs are part of the Mastercard network and should allow you to withdraw funds using your card.,You can withdraw money using your card at ATMs that display the Mastercard logo. These ATMs are typically part of the Mastercard network and are widely available.,"Yes, your card should be accepted by ATMs that are part of the Mastercard network. Look for ATMs with the Mastercard logo to ensure compatibility.",Your card should be accepted at ATMs that are part of the Mastercard network. These ATMs usually have the Mastercard logo displayed.
47,"Your friend can initiate a bank transfer from their bank account to yours.If you're both using mobile payment apps, like Apple Pay, Google Pay, or Samsung Pay, your friend can send you money through these platforms.",Your friend can write you a check or obtain a money order from their bank and then mail it to you.,Your friend can use a wire transfer service offered by banks to send you money across different accounts or even internationally.,"Your friend can initiate a bank transfer from their bank account to yours.If you're both using mobile payment apps, like Apple Pay, Google Pay, or Samsung Pay, your friend can send you money through these platforms."
48,"If you're experiencing difficulties transferring money from your account, there could be several reasons for the issue. It's possible that there might be a technical glitch, insufficient funds, or an issue with the recipient's account details.","Before attempting another transfer, ensure that you have provided the correct recipient's account details, including the account number and bank's routing information.","Transfers can fail for various reasons, such as technical issues, incorrect account details, or insufficient funds.",Failed transfers can be caused by multiple factors. Make sure the recipient's account information is accurate and that you have enough funds available for the transfer.
49,Reach out to your bank's customer support immediately. You can usually find their contact information on their website or on the back of your card. Inform them about the unauthorized withdrawal and provide them with the details.,"If you suspect your card might have been compromised, consider asking the bank to block or freeze your card temporarily to prevent further unauthorized transactions.","If you have online banking, consider changing your passwords and enabling two-factor authentication for added security.",Keep a close eye on your account for any additional unauthorized activity. Some banks offer fraud alerts or notifications for suspicious transactions.
50,"Some providers might have a limit on the total number of disposable virtual cards you can create within a certain time frame, such as a day, week, or month.","Depending on the service, you might be limited in how frequently you can create new disposable cards.",There might also be a limit on the number of transactions you can make with each disposable card. This could include both online and offline transactions.,Disposable cards usually have an expiration date or usage validity period. Make sure to use the card within the specified time frame.
51,"Refunds can take some time to process, depending on the merchant and payment method used. It's possible that the refund is still being processed and will appear on your statement soon.",Review the refund policy of the merchant or service provider to understand the expected timeline for refunds. Some refunds might take a few business days to reflect in your account.,"If you believe the refund should have been processed by now, reach out to the merchant's customer support. They can provide you with information about the status of the refund and any associated delays.","Depending on the payment method you used, the refund might be credited back to the original payment source (such as your card) or deposited into your bank account. Verify the correct method for receiving the refund."
52,"Once your card is shipped, you should receive tracking information that allows you to monitor the delivery status and estimated arrival date.",Keep in mind that holidays and weekends can impact delivery times. Deliveries are typically not made on weekends or public holidays.,"Standard delivery can take anywhere from 7 to 14 business days, depending on your location and the shipping method used. This is a general estimate and may vary.",Some providers offer expedited or express delivery options for an additional fee. These options can significantly reduce delivery time and may take around 2 to 5 business days.
53,"Check the merchant's or retailer's return policy. It will provide you with information on whether returns are accepted, the time frame for returns, and any specific conditions or requirements.","After the merchant or retailer receives the returned item and verifies its condition, they will process the refund. Refunds are typically issued to the original payment method used for the purchase.","Refunds can take some time to process, depending on the merchant and payment method used. It's possible that the refund is still being processed and will appear on your statement soon.","Depending on the payment method you used, the refund might be credited back to the original payment source (such as your card) or deposited into your bank account. Verify the correct method for receiving the refund."
54,"You will need to provide the person with your account details, such as your account number, username, or email associated with your account.","The person topping up your account will need to log in to the same platform or service that you use to manage your account. This could be a mobile app, website, or another interface.","Look for the ""Top-Up"" or ""Add Funds"" option within the platform. This could be located in the account settings, wallet, or a similar section.","Look for the ""Top-Up"" or ""Add Funds"" option within the platform. This could be located in the account settings, wallet, or a similar section."
55,"When you initiate a top-up, you may be required to provide payment information, such as credit/debit card details or bank account information.","On the platform or during the top-up process, you'll be prompted to enter the verification code you received. This step helps ensure that the top-up was authorized by you.","After the top-up request is submitted, some platforms may send a verification code to your registered email address or phone number associated with your account.","When you initiate a top-up, you may be required to provide payment information, such as credit/debit card details or bank account information."
56,Some cards come with activation instructions printed on a sticker or included in the card package. Look for any provided instructions before proceeding.,"Navigate to the section of the account where you can manage your cards. Look for an option like ""Activate Card"" or ""Card Activation.""","If your card is associated with an online account, log in to the account using the official website or mobile app.",Some cards come with activation instructions printed on a sticker or included in the card package. Look for any provided instructions before proceeding.
57,"To top up using a cheque, you'll first need to deposit the cheque into your bank account. Once the funds are in your bank account, you can log in to your card account, navigate to the top-up section, choose the option to add funds from your bank account, and enter the desired amount.","To top up with a cheque, start by depositing the cheque into your bank account. After the funds are in your bank account, log in to your card account, find the top-up option.","Typically, top-ups are done electronically from your bank account to your card account. If you have a cheque, you can deposit it into your bank account and then transfer the amount to your card account.","To top up with a cheque, deposit the cheque into your bank account. Once the cheque amount is available in your bank account, log in to your card account, go to the top-up section, select the bank account option, enter the amount you want to top up."
58,It seems that there might have been an issue with your recent top-up. It's recommended to check your transaction history and account balance to ensure the funds were deducted correctly.,"It appears that there could be a possibility that your recent top-up didn't go through as expected. To clarify, review your transaction history or contact customer support for assistance.","It's possible that certain issues, including those related to your bank, could lead to a cancellation of your top-up.","If your top-up was not approved, there might have been an issue with the transaction, your payment method, or account verification."
59,"No, receiving money from others into your account does not typically incur any charges.","In most cases, receiving money into your account does not come with any charges.","Generally, there are no charges associated with receiving money into your account.",Receiving money from others usually does not result in any charges on your account.
60,"Yes, you can use your card at any place that accepts Mastercard.","This card is accepted at locations that display the Mastercard logo, which includes a wide range of businesses and online retailers.","Your card is widely accepted at places that honor Mastercard payments, such as retail stores, online shops, restaurants, and more.","While most businesses that accept card payments usually take Mastercard, it's a good idea to check with the specific business to confirm their payment options."
61,It appears that the exchange rate used might have been incorrect.,There appears to be an error with the exchange rate used for the cash withdrawal.,An incorrect exchange rate was applied to the cash obtained during travel abroad.,The exchange rate applied to the cash withdrawal doesn't appear to be accurate.
62,"Yes, you can use this app to exchange currencies.","Absolutely, our app supports currency exchange between a good number of currencies","To exchange currencies, simply navigate to the currency exchange section in the app and follow the prompts to complete the transaction.","Yes, this app has the capability to convert one currency into another."
63,"Yes, you can have multiple cards linked to your account.","Certainly, you have the option to obtain multiple physical cards for your account.","You can have multiple cards associated with your account, depending on your preferences and requirements.",You can order additional cards through the card management section in your account.
64,"You can choose between a Visa card and a Mastercard for your account. When you're setting up your card, you'll have the option to select either Visa or Mastercard based on your preference and needs.",You're in control of your card choice! You can opt for either a Visa card or a Mastercard when you set up your account. Simply choose the one that aligns with your preferences.,"Absolutely, you have the option to choose either a Visa card or a Mastercard for your account. During the card setup process, you'll be able to select the card type that you prefer","Absolutely, you have the option to choose either a Visa card or a Mastercard for your account. During the card setup process, you'll be able to select the card type that you prefer"
65,"If you suspect that your card has been stolen, it's crucial to act quickly. Contact our customer support to report the theft and request a new card. They will help you through the necessary steps.","If you can't find your card, take action promptly. Contact our customer support to report the loss and request a replacement card. It's important to block the card to prevent any potential misuse.","If you can't find your card, take action promptly. Contact our customer support to report the loss and request a replacement card. It's important to block the card to prevent any potential misuse.","If you've lost your card, follow these steps: Report the loss to our customer support, block the card to prevent unauthorized use, and request a replacement card. Your security is our priority."
66,"If you've been double charged, it might be due to a technical issue or a mistake during the transaction. We apologize for any inconvenience this may have caused. Please reach out to our customer support with the transaction details so they can investigate and resolve the issue for you.","We apologize for any confusion or inconvenience caused by this double charge. Double charges can occur for various reasons, but rest assured that we'll look into the issue for you. ","If you see a transaction listed multiple times on your account statement, please let us know. We'll investigate the matter and ensure that any duplicate charges are corrected. ",We're here to help resolve this issue. If you believe you were charged twice for a single transaction. Our customer support team will review the information and take the appropriate actions to ensure you're not overcharged.
67,"The pending status for your top-up could be due to various reasons, such as network delays, security checks, or processing issues. It's common for transactions to go through a pending phase before being completed.",Not necessarily. A pending status means the transaction is being processed but hasn't been finalized yet. It might require further verification or approval before it's considered complete.,"The pending status indicates that your top-up is currently being processed. It could be awaiting confirmation from your bank, undergoing security checks, or dealing with other factors that might cause a short delay.","You will receive a confirmation notification once your top-up is successfully processed. This notification may come via email, SMS, or within the app itself. If you're unsure, you can check your transaction history or account balance to see if the funds have been added."
68,"Yes, our card services are available to customers outside the UK. We offer our services in various countries around the world.","Our services are available in multiple countries worldwide, including the US.","Yes, you can get a card if you live in the US. Our services extend to customers in the United States as well.","Absolutely, our card services are not limited to the UK. You can get a card even if you're located outside the UK."
69,"The speed of transfers from Europe can vary depending on several factors, including the payment method and the specific banks involved. Typically, transfers within the European Economic Area (EEA) can take 1 to 2 business days, but it's best to check with your bank or payment provider for more accurate estimates.","The time it takes to transfer from Europe can vary based on the financial institutions involved, the payment method chosen, and the processing times. On average, transfers may take 1 to 3 business days to complete.","Transfers from Europe can take varying amounts of time to reach their destination, usually ranging from 1 to 3 business days. The exact duration depends on factors such as the banks' processing times and the payment method used.","The duration for transfers from Europe to complete can vary, ranging from 1 to 3 business days on average. However, this can be influenced by the specific banks, payment systems, and currency conversion processes involved."
70,"If you're looking to transfer money between accounts, you can typically do so through online banking or mobile banking apps provided by your bank. You'll need the account details of both the sending and receiving accounts.",You can add money to your account from another account you have by initiating a bank transfer. Log in to the online banking platform of the account you're transferring from and use your account details to set up the transfer.,"To transfer money into your account, you can use various methods such as bank transfers, online payment platforms, or linking another card to make a top-up.",A bank transfer is often an acceptable method for topping up your account. You'll need to provide your account details as well as any additional information required by your bank or the app to complete the transfer.
71,"Bank transfers can take some time to process, and the exact duration can vary depending on factors such as the banks involved and the processing times.","Typically, bank transfers can take anywhere from a few hours to a couple of business days to reflect in your account balance. If it has been a few hours and you still don't see the updated balance, there's no need to worry just yet.","If it has been more than a day and you still don't see the transfer reflected in your account, you might want to reach out to your bank's customer support ","Make sure you have double-checked the account details you provided for the transfer to ensure they are accurate. Sometimes, delays can occur due to incorrect account information."
72,"I understand your concern. ATM transactions, both withdrawals and deposits, may take some time to reflect in your account balance. The exact processing time can depend on several factors, including the bank's processing schedule, the type of ATM used.","If you've made a cash withdrawal or deposit at an ATM and you don't see the transaction reflected in your account immediately, it's important to give it a little time. In most cases, the transaction should appear in your account within a few hours to a day.","In the case of pending transactions, it's also important to note that pending transactions may take some time to process fully. This is especially true for ATM transactions, as they often require verification and processing between multiple parties.","If you have concerns about the status of your ATM transaction or any discrepancies in your account balance, I recommend reaching out to your bank's customer support for assistance. They will be able to provide specific information about the transaction and its status"
73,"No, I won't charge you to top up your card. However, please note that some top-up methods or payment providers may have associated fees.",It's recommended to check with your bank or payment provider to understand if there are any fees for the specific top-up method you're using.,"Fees associated with topping up can vary depending on factors such as the payment method, currency conversion, and the terms of your account. Some payment methods may have nominal fees, while others might be fee-free.",It's a good idea to review the terms and conditions of your account or contact your bank's customer support to get accurate information about any fees associated with topping up.
74,"If your card isn't working, check your account balance, contact customer support, and ensure the card isn't physically damaged.","There could be various reasons, such as insufficient funds, technical issues, or a temporary block. Contact customer support for help.","If your card is physically damaged, you'll likely need to order a replacement card from your bank.","Try checking your account balance, ensuring the card isn't damaged, and contacting customer support if the issue persists."
75,"If you notice unauthorized transactions, contact your bank's fraud department right away.",Monitor your account for suspicious activities and contact your bank to report your concerns.,Contact your bank's customer support to report the issue and request to cancel your card to prevent further unauthorized use.,Contact your bank's fraud department immediately to report the unauthorized charges and get assistance in securing your account.
76,"Yes, many banks and financial institutions charge a fee for currency exchange. This fee can vary, so it's recommended to inquire with your bank about their specific fees.",The exchange fee is a charge imposed by the bank or financial institution when you convert one currency into another. It covers the cost of converting the money and is typically a percentage of the total amount being exchanged.,"The cost of currency exchanges can vary based on factors such as the amount being exchanged, the currencies involved, and the bank's fee structure. ","Yes, you may need to pay extra for currency exchanges due to fees and charges imposed by the bank or financial institution facilitating the exchange."